{
  "assets": [
    {
      //第一张图片
      "id": "image_0",
      //图片id
      "w": 200,
      //图片宽度
      "h": 300,
      //图片高度
      "u": "images/",
      //图片路径
      "p": "xingkong.jpg"
      //图片名称
    },
    {
      //第一张图片
      "id": "image_1",
      //图片id
      "w": 200,
      //图片宽度
      "h": 300,
      //图片高度
      "u": "images/",
      //图片路径
      "p": "me_head_bg.png"
      //图片名称
    }
  ]
}